name,chain1,chain2
binder01,EVQLVESGGGLVQPGGSLRLSCAASGFTVSDNYMSWVRQAPGKGLQWVSVIYSGGNTYYADFVKGRFNITRDDSKNMLYLQMNSLRREDTAVYYCVRDRRIVGYYFGLDVWGQGTTVTVFS,QSALTQPASVSGSPGQSITISCTGTSSDVRNYNLVSWYQQHPGKAPKLMIFEDSKRPSGVSNRFSGSKSGNTASLTIAGLQPEDEADYYCCSYATTWVFGGGTKVTVL
binder02,QVQLVQSGAEVKKPGSSVKVSCKASGDTFNIYAINWVRQAPGQGLEWMGRIIPRFGMANYAQKFQGRVTMTADKSTSTAYMDLISLKSEDTAVYYCATSAYLSGSGHYFDYWGQGTLVTVSS,EIVLTQSPATLSLSPGERATLSCRASQSVGGSFLAWYQQKPGQAPRLLIYGASSRATGIPDRFSGSGSGTDFTLTISRLEPEDFAVYFCQQYASSRTFGQGTKVEIK
binder03,QVQLVQSGAEVKKPGSSVKVSCKASGGTFNSYAITWVRQAPGQGLEWMGGIIFIFDTANYAQKFQGRVTITADESTSTVYMELSSLRSEDTAVYYCARPGAELRDHYYYYGMDVWGQGTTVTVSS,DIVMTQSPLSLPVTPGEPASISCRSTQSLLHSNGNNYLDWYLQKPGQSPQLLIYLASNRAPGVPDRFSGSGSGTDFTLRISRVEAEDVGVYYCMQALQTPPTFGQGTRLEIK
binder04,QVQLVESGGGVVQPGRSLRLSCAASGFTFSTHGMHWVRQAPGKGLEWMAVIYFDGSNKYYADSVKGRFAISRDNSKNTLFLQMNSLRADDTAVYHCATNSAGYGDSYETFDIWGQGTMVSVSS,EIVMTQSPATLSVSPGERATLSCRASHSVGTNLAWYQQKPGQAPRLLIYGAFTRAAGISARFSGSGSGTEFTLTISSLQSEDLAVYYCQQYENWPPYTFGQGTKLEIK
binder05,QVQLVQSGAEVKKPGSSVKVSCKASGGTFRRYAISWVRQAPGQGLEWMGGIIPIAGAADYAQKFQARVTITADESTSTAYLELSSLRSEDTAVYYCAREISYCSGAPCYAGYYDYGMDVWGQGTTVTVSS,QSVLTQPPSASGTPGQRVTISCSGNSSNIGSNSVNWYQQLPGTAPKLLIKSTNQRPSGVPDRFSGSKSGTSASLAISGLQSEDEADYYCAAWEDVLNAVVFGGGTMLTV
binder06,QVQLVQSGAEVKKPGSSVKVSCKASGDTFRSYAISWVRQAPGQGLEWMGRIIPMLGITTYEQKYQGRLKIIADKSTSTAYMELSSLRSEDTAVYFCARDGVGATEPYYYDYWGQGTLVTVSS,QSVLTQPASVSGSPGQSIIISCTGTSSDVGKYDFVSWYQQHPGKAPKLMIYDVSKRPSGVSDRFSGSKSGNTASLTISGLQAEDEADYHCASYTSDSSYLVFGGGTKLTVL
binder07,QVQLVQSGAEVKKPGSSVKVSCKASGGTFNSYAISWVRQAPGQGLEWMGGIIHVLGTANYAQRFQGRVTITADESTSTVYMELSSLRSEDTAVYYCARVGAPLGRADSGYDFYYYGMDVWGQGTTVTVSS,DIVMTQSPLSLPVTPGEPASISCRSSQSLLHSKGYNYLDWYLQKPGQSPQLLIYLGSNRASGVPDRFSGSGSGTDFTLKISRVEAEDVGVYYCMQALQRGTFGQGTKVEIK
binder08,EVQLVETGGGLIQPGGSLRLSCAASEFIVSANYMHWVRQAPGQGLEWVSVIYAGGSTFYADSVKGRFTISRDNSKNSLYLQMNSLRAEDTAVYYCARGLGDYFDFWGQGTLVTVSS,DIQMTQSPSTLSASVGDRVTITCRASQSFSDWLAWYQQKPGSAPKLLIYRASSLESGVPSRFSGSGSGTEFTLTISSLQPDDFATYYCQQYNTYPLTFGGGTKVEIK
binder09,QVQLVQSGAEVKKPGSSVNVSCRASGGTFSSKTISWVRQAPGQGLEWMGKIFPILGVANYAQKFQGRVTITADRSTNTAYMELNSLRSEDTAIYYCATEEGYSSSRSLPAEYFRQWGQGTLVTVSS,QSVLTQPPSVSGAPGQRVTISCTGSNSNIGAGYDVHWYQQLPGTAPKLLIYANTNRPSGVPDRFSGSKSGTSASLAITGLQAEDEADYYCQSYDSGLSGSLFGGGTKLTVL
binder10,QVQLQESGPGLVKPSQTLSLTCTVSGGSISSGGYYWNWIRQSPVKGLEWIGYIYYSGGTYYNPSLRSRLTISLDTSNNQFSLRLNSVTAADTAIYYCARDQGAITFGTDAFEIWGQGTMVTVSS,DIQMTQSPSSLSASVGDRVTITCQASQDISKYLNWYQQKPGKAPKLLIYGASTLKAGVPSRFSGSGSGTDFTFTISSLQPEDIATYYCQQYDSLPPTFGGGTKVEIK
binder11,EVQLVESGGGFVRPGGSLRLSCSTSGFTFSMFAMHWVRQAPGKGLEYVSGVSSNGLNTYYADSVKGRLVISRDDSKNTLYLQMTGLRVEDTAVYYCVKDDDFGDPGYGYHLDYWGQGTLVTVSS,QSALTQPASVSGSPGQSITISCTGTSSDVGGYNYVSWFQQHPGKAPKLVIFEVSNRPSGISDRFSGSKSGNTASLTISELQAEDEADYYCSSYTSRIPIIFGTGTKVTV
binder12,EVQLVESGGGLGQPGGSLRLSCVASGFSFSTYSMNWVRQAPGKGLEWLSYINAGSTTIYSADSVTGRFSISRDNAKNSLYLHMNSLRADDTAVYYCARGVPFDYWGQGTLVTVSS,DIVMTQTPLSLPVTPGEPASISCRSSRSLLDSDDADTYLDWYLQKPGQSPQLLIYTLSYRASGVPDRFSGSGSGTDFTLKISRVEAEDVGVYYCMQRIQFPWTFGQGTKVEIK
binder13,QVQLQESGPGLLKPSQTLSLICTVSGGSISSGDYYWNWIRQTPGKGLEWIGYIYYSGITYYNPSLKSRLSISLDTPKNQFSLKLTSVTAADTAVYYCATGPPTVTTENFDNWGQGTLVTVSS,QSVLTQPPSVSAAPGQKVTISCSGSSSNIGNYYVSWYQQLPGTAPQLVIYDNNKRPSGIPDRFSGSKSGTSATLAITGLQTGDEADYYCGTWDASLNAGVFGGGTRLTVL
binder14,QVQLVQSGGGLVQPGGSLRLSCEASGLSVSRNYMRWVRQAPGKGLEWVSLIYSGGSTFYADSVKGRFTISRDNSKNTLYLQMTSLRAEDTAVYYCARDLVDYGMDVWGHGTTVTVSS,DIQLTQSPSFLSASVGDRVTITCRASQGISNYLAWYQQKPGKAPQLLIYAASTLQSGVPSRFSGSGSGTEFTLTISSLQPEDFATYFCQQLNSDVITFGQGTRLEIK
binder15,QVQLQESGPGLVKPSQTLSLTCAVSGDSVSRGGFYWTWIRQLPGMGLECIGYIDYSGSTHYNPSLKSRVTISLDTSNNQFSLKMTSVTAADTALYYCARGAVPGIGWFDPWGQGTLVTVSS,SYELTQPPSVSVAPGKTASISCGGNNIATKSVHWYQQKPGQAPALVIYYDSDRPSGIPERFSGSNSGNTATLTISRVEAGDEAAYYCQVWESSGDHVVFGGGTKLTVL
binder16,EVQLVESGGRVVRPGESLRLSCAASGFNFNDYGMSWVRQVPGKGLEWVSGINWNGAISGYVDSVKGRFIISRDNAKNSLYLQMNSLRAEDTALYHCARAYCGDECYSLLVRGDALDIWGQGTMVTVSS,QSVLTQPPSVSAAPGQTVTISCSGSSSNIGMNDVSWYQHLPGTAPKLLIYDSHKRPSGIPDRFSGSNSGTSATLGITGLQTGDEAHYYCGAWDSSLSAVVFGGGTMLAVL
binder17,EVQLVQSGAEVKKPGETLKISCKGSGDSFSNYWIGWVRQSPGKGLEWMAIVYPGDSDARYSPSFQGQVTISADKSVTTAYLKWSSLKASDTAIYYCVRGLPVDWYFDLWGRGTLVTVSS,QSVLTQPPSVSGAPEQRVTISCTGSSSNIGAGHDVHWYQQLPGTAPKLLIYNNNNRPSGVPDRFSGSKSGASASLAISGLQAEDEAEYYCQSYDKSLSVLYVLGTGTKVTV
binder18,EVQLVQSGAEVKKPGESLNISCKASGYSFTIYWIAWVRQLPGKGLEWMGIIYPGDSDTRYSPSFQGQVTISADKSISTAYLQWRSLKASDSAVYYCARGVAVDWYFDLWGRGTLVTVSS,QSVLTQPPSVSGAPGQRVTISCAGSSSNIGAGFDVYWYQQLPGTAPKLLIYGNNNRPSGVPDRFSGSKSGTSASLAITGLQAEDEADYYCQSSGSVLSDLYVFGTGTKVTVL
binder19,EVQLVESGGGLIQPGGSLRLSCAASGITVSSNYMSWVRQAPGKGLEWVSVMYAGGSTFYADSVKGRFTISRDDSKNTLFLQMNSLRAEDTAIYYCARDLYSSGGTDIWGQGTMVTVSS,EIVLTQSPGTLSLSPGERATLSCRASQSIGSSYLAWYQQKPGLAPRLLIYGASRRATGIPDKFSGSGSGADFTLTISRLEPEDFAVYYCQQYGSSPGTFGQGTKVEIK
binder20,EVQLVESGGGLVQPGGSLRLSCAASEFIVSSNYMTWVRQAPGKGLEWVSIMYPGGSTFYADSVKGRFTISRDNSKNTLYLQINRLRAEDTAVYYCARDIAGRLDYWGQGTLVTVSS,DIQMTQSPSSLSASVGDRVTITCQASQDINNYLNWYQQKPGKAPKLLIYDASNLETGVPSRFSGSGSGTDFSFTISSLQPEDIATYYCQQYDNLSRLTFGGGTKVEIK
binder21,QVQLVESGGGVVQPGRSLRLSCAASGFTFSTFAMHWVRQAPGKGLEWVAVTSYDGSNKYYADSVKGRFTISRDNSKNTLYLQMNSLRAEDTAVYYCARGLLWFGESEYFQHWGQGTLVTVSS,DIVMTQSPDSLAVSLGERATINCKSSQSVLFSSTNKNYLAWYQQKPGQPPKLLIYWAATRESGVPDRFSGSGSGTDFTLTISSLQAEDVAVYHCQQYYSTPFTFGPGTKVDIK
binder22,EVQLVESGGGLVQPGGSLRLSCVASGFTSTNYDMHWVRQAPGRGLQWVSSIGTAGDTYYPGSVRGRFTISRENAKNSLDLQMNSLRVGDTAVYYCARGQRGYYDRSGYYWGWRAFDIWGQGTMVTVSS,SYELTQPPSVSVAPGQTARITCGGNNIGNKSVYWYQQKPGQAPVLVVYDDSGRPSGIPERFSGSNSANTATLTISRVEAGDEADYYCQVWDNNSDQFGGGTKLTVL
binder23,QVQLQESGPGLVKPSETLSVTCTVSGGSISSSRYYWGWIRQPPGKGLEWIGSIYYSGSTYYNPSLKSRVTISVDTSKNQFSLKLSSVTAADTAVYYCARHAAAYYDRSGYYFIEYFQHWGQGTLVTVSS,DIQMTQSPSTLSASVGDSVTITCRASQSISSWLAWYQQKPGKAPKLLIYKASSLESGVPSRFSGSGSGTEFTLTISSLQPDDFATYYCQQYNNYRYTFGQGTKLEIK
binder24,QVQLVESGGGVVQPGRSLRLSCAASGFTFSNYAMHWVRQAPGKGLEWVAVISYDGSNKYYADSVKGRFTISRDNSKNTLYLQMNSLRAEDTAIYYCASGYTGYDYFVRGDYYGLDVWGQGTTVTVSS,QPVLTQSPSASASLGASVKLTCTLSSGHSSYAIAWHQQQPEKGPRYLMKLNTDGSHSKGDGIPDRFSGSSSGAERYLTISSLQSEDEADYYCQTWGTGILVFGGGTKLTVL
binder25,QVQLVQSGAEVKKPGSSVKVSCKASGATFSNYIISWVRQAPGQGLEWMGRTIPLLDIANYAQKFQGRVTITADKSTRIVYMHLGSLTSEDTAVYYCATGKGYSSSSAAYYFDHWGQGTLVTVSS,QSVLTQPPSVSGAPGQRVTISCTGTNSNIGAGYDIHWYQQLPGTAPKLLIYGSNNRPSGVPDRFSGSKSGTSASLAITGLQAEDEADYYCQSYDSSLSGSEVFGGGTKLTVL
binder26,EVQLVQSGAEVKKPGESLKISCKGSGYSFISYWIVWVRQMPGKGLEWIGIIYPGDSDTIYSPSFQGQVTLSADKSISTAYLQWSSLKASDTAIYYCAKMVTSGTSYYETRGYASSGPFDNWGQGTLVTVSS,DIQLTQSPSSLSASVGDRVTITCRASQGISSALAWYQQKPGKAPKLLIYDASSLESGVPSRFSGSGSGTDFTLTISSLQPEDFATYYCQQSDNFGPGTKVDI
binder27,EVQLVESGGGLVKPGGSLRLSCAASGFTFNNAWMTWVRQAPGKGLEWVGRIKSKTDGGTTDYGTPAKGRFTISRDDSKNTLYLQMKSLRTEDTAVYYCTTVDVQGIWELLENDAFDIWGQGTMVTVSS,EIVLTQSPGTLSLSPGERATLSCRATQAISSTYLAWYQQKPGQAPRLLIYGAFSRAPGIPDRFSGSGSETDFTLTISRLEPEDFAVYYCQQSDRSPFTFGPGTKVDIK
binder28,QVQLVESGGGVVQPGRSLRLSCAASGFSFINYNMHWVRQAPGKGLEWVAVIWYDGSNKYYADSVKGRFTISRDNSKNTLYLQMNSLRVEDTAVYYCARDPAITEAEIDYWGQGTLVTVSS,DVVMTQSPLSLPVTLGQAASISCRSSQSLVHSDGNTYLNWFQQRPGQSPRRLIYRVSNRDSGVPDRFSASGSGTDFTLKISRVEAEDVGVYYCMQGTHWPWTFGQGTKVEIK
binder29,EVQLVQSGAEVKKPGESLKISCKSSGYSFISHWIGWVRQMPGKGLEWMGIIWPGDSDTRYSPSFQGQVTISVDKSITTVYLQWSSLKAADTAMYYCARRGSSWEVDYWGQGTLVTVSS,QSVLTQPPSASGTPGQRVTISCSGSSSNIGSNTVNWYLQLPGTAPKLLIYGNDQRPSGVPDRFSGSKSGTSASLAISGLQSEDEADYYCAAWDDRLNGYVFGTGTTVTVL
binder30,QVQLVQSGAEVKKPGSSVRVSCKASGGTFSSFTITWVRQAPGQGLEWMGRIIPNLNIPNYAQRFQGRITITAEKSTSTAYLELSSLRSEDTAVYYCARGVGYSGSGSNWYFDLWGRGTLVTVSS,QSVLTQPPSVSGAPGQRVTISCTGSSSNIGAGYDVHWYQQLPGTAPKLLISGHINRPSGVPDRFSGSTSGTSASLAITGLQAEDEADYYCQSYDSSLSDSVFGGGTKLTV
binder31,EVQLVESGGGLVQPGRSLRLSCEASGFTFEDFAMHWVRQAPGKGLEWVSGVSWNSGTIGYGDSVKGRFIIIRDNAKNSVYLQMNSLRPEDTAFYYCVKDMATYYKDISGTYGMDVWGQGTTVTVSS,SYELTQTPSVSVAPGQTARITCVGNNIGSESVHWYQQKSGRAPVLVVYDDSDRPSGIPERFSGSTSGTTATLIINRVEAGDEAGYYCQVWDASSDHVVFGGGTKLTVL
binder32,QVQLVQSGAEVKKPGSSVKVSCKASGDTFISYAITWVRQAPGQGLEWMGRIIPILGVADYAPKFQGRVTITADKSTSTAYMELSSLRSEDTAVFYCASWRGREYNGYDWTGPTRGFDSWGQGTLVTVSS,EIVLTQSPGTLSLSPGERATLSCRASQSVSSSYLAWYQQKPGQAPRLLIYGASSRATGIPDRFSGSGSGTDFTLTISRLEPEDFAVYYCQQYDSSPWTFGQGTKVEIK
binder33,EVQLVESGGGLIQPGGSLRLSCAASGLTVSSNYMSWVRQAPGKGLEWVSVIYPGGSTFYADSVKGRFTISRDNSKNTLYLQLNSLRADDTAVYFCARGDGYTDYYYGLDVWGQGTTVTVSS,DIQLTQSPSSLSASVGDRVTITCRASQSISSYLNWYQQKPGKAPKLLIYAASSLQSGVPSRFSGSGSGTDFTLTISSLQPEDFATYYCQQRGFGQGTKVEIK
binder34,EVQLVQSGAEVKKPGESLKISCKGFGSSFTNYWIGWVRQMPGKGLEWMGSVYAGDSDTRYSPSFQGQVTVSADKSITTAYLQWTSLKASDTAMYFCARASQGNYFDFWGQGTLVTVSS,DIQMTQSPSTLSASVGDRVTITCRASQSISRWLAWYQQKPGKAPKLLIYDASILESGVPSRFSGSGSGTDFTLTISSLQPDDYATYYCQQFYSNLYTFGQGTKLEIK
binder35,QVQLVQSGAEVKKPGASVRVSCKASGYTFTSYYMHWVRQAPGQGLEWMGIINPSDGGASYAQKFQGRVTMTSDTSTSTVYMELSSLRSEDTAVYYCARALRHHSSGWYSALDFQHWGQGTLVTVSS,QSVLTQPPSASGTPGQRVTISCSGSSSNIGSNPVNWYQQLPGTAPRLLIYSNNQRPSGVPDRFSGSKSGTSASLAISGLQSEDEADYYCAAWDDSLYVFGTGTKVTVL
binder36,QVQLVQSGAELKRPGASVKVSCKASGYTFSDYHMNWVRQAPGQGLEWMGIINPSGGGASYPQKFQGRVTMTRDTSTSTVFMQLNSLTYEDTAVYYCARGTPPSRGWYGGFDNWGQGTLVTVSS,QSVLTQPPSVSGAPGQRITISCTGSTSNIGAGYDVQWYQQLPGTAPKLLIFDNNNRPSGVPDRFSGSKSGTSASLAITGLQAEDEADYYCQSFDSTLSGSTFVFGPGTKVTVL
binder37,QVQLVQSGAEVKKPGASVKVSCKASGYTFISYYTHWVRQAPGQGLEWMGIINPSDGYTSYAQKFQGRVTMTRDTSASTVYMELSSLRSEDTAVYYCARDSSIAARVVAWGQGTLVTVSS,DIQMTQSPSSLSASVGDRVTITCQASQDIYNYLNWYQQKPGKAPKLLIFDAINLETGVPSRFSGSGSGTDFTFTISSLQPEDIATYYCQQHDNLPYSFGQGTKLEIK
binder38,QVQLVQSGAEVKKPGASVKVSCKASGYTFISYYTHWVRQAPGQGLEWMGIINPSDGYTSYAQKFQGRVTMTRDTSASTVYMELSSLRSEDTAVYYCARDSSIAARVVAWGQGTLVTVSS,DIQMTQSPSSLSASVGDRVTITCQASQDIGNYLNWYQQKPGKAPKLLIFDASNLEAGVPSRFSASGSGTDFTFAISSLQPEDIAAYYCQQHDDLPYSFGQGTTLEIK
binder39,QVQLVQSGSEVKKPGASVKVSCKASGNTFITYYTHWVRQAPGQGLEWMGVIKPSDGYTNYAQKFQGRVTMTRDTSASTVYMELSSLTSDDTAVYYCARDSSIAARVVDWGQGTLVTVSS,DIQMTQSPSSLSASVGDRVTITCQASQDIYNYLNWYQQKPGKAPKLLIFDAINLETGVPSRFSGSGSGTDFTLTISSLQPEDIATYYCQQHDNLPYSFGQGTKLEIK
binder40,QMQLVQSGPEIKKPGTSVKVSCKASGFTFSNSAVQWVRQARGQRLEWIGWIVVGSGDPNYAQKFQERVTLTRDMSTSTAYMELSSLRSEDTAVYYCATNHCSRTICSDGFDIWGQGTVVTVSS,EIVLTQSPVSLSLSPGERATLSCRASQTVRSSYFVWYQQKLGQAPRLLIYSASSRAAGIPDRFSGSGSGTDFTLTISRLEPEDFAVYYCQQYGSSPWTFGQGTKVEIK
